Player Name,Position,Team
Patrick Mahomes,Quarterback,Kansas City Chiefs
Aaron Donald,Defensive Tackle,Los Angeles Rams
Tom Brady,Quarterback,Tampa Bay Buccaneers
Davante Adams,Wide Receiver,Green Bay Packers
Travis Kelce,Tight End,Kansas City Chiefs
T.J. Watt,Outside Linebacker,Pittsburgh Steelers
George Kittle,Tight End,San Francisco 49ers
DeAndre Hopkins,Wide Receiver,Arizona Cardinals
Derrick Henry,Running Back,Tennessee Titans
Stephon Gilmore,Cornerback,New England Patriots
Alvin Kamara,Running Back,New Orleans Saints
Myles Garrett,Defensive End,Cleveland Browns
Christian McCaffrey,Running Back,Carolina Panthers
Xavien Howard,Cornerback,Miami Dolphins
Tyreek Hill,Wide Receiver,Kansas City Chiefs
Jalen Ramsey,Cornerback,Los Angeles Rams
Dalvin Cook,Running Back,Minnesota Vikings
Justin Herbert,Quarterback,Los Angeles Chargers
Joey Bosa,Defensive End,Los Angeles Chargers
Tyrann Mathieu,Safety,Kansas City Chiefs
Quenton Nelson,Guard,Indianapolis Colts
Stefon Diggs,Wide Receiver,Buffalo Bills
Khalil Mack,Outside Linebacker,Chicago Bears
Cam Jordan,Defensive End,New Orleans Saints
David Bakhtiari,Offensive Tackle,Green Bay Packers
Travis Frederick,Center,Dallas Cowboys
Keenan Allen,Wide Receiver,Los Angeles Chargers
Ryan Ramczyk,Offensive Tackle,New Orleans Saints
Laremy Tunsil,Offensive Tackle,Houston Texans
Bobby Wagner,Inside Linebacker,Seattle Seahawks
Marshon Lattimore,Cornerback,New Orleans Saints
Chris Godwin,Wide Receiver,Tampa Bay Buccaneers
Tyron Smith,Offensive Tackle,Dallas Cowboys
DeForest Buckner,Defensive Tackle,Indianapolis Colts
Jaylon Smith,Inside Linebacker,Dallas Cowboys
Darius Leonard,Inside Linebacker,Indianapolis Colts
Deebo Samuel,Wide Receiver,San Francisco 49ers
Nick Bosa,Defensive End,San Francisco 49ers
Brandon Scherff,Guard,Washington Football Team
Chandler Jones,Outside Linebacker,Arizona Cardinals
D.K. Metcalf,Wide Receiver,Seattle Seahawks
Patrick Peterson,Cornerback,Minnesota Vikings
Ezekiel Elliott,Running Back,Dallas Cowboys
Devin White,Inside Linebacker,Tampa Bay Buccaneers
J.J. Watt,Defensive End,Arizona Cardinals
Ronnie Stanley,Offensive Tackle,Baltimore Ravens
A.J. Brown,Wide Receiver,Tennessee Titans
D.J. Moore,Wide Receiver,Carolina Panthers
Derrick Brooks,Outside Linebacker,Tampa Bay Buccaneers
Melvin Ingram,Defensive End,Los Angeles Chargers
Xavier Rhodes,Cornerback,Indianapolis Colts
Kenny Clark,Defensive Tackle,Green Bay Packers
Deshaun Watson,Quarterback,Houston Texans
Trey Hendrickson,Defensive End,Cincinnati Bengals
Justin Simmons,Safety,Denver Broncos
Calvin Ridley,Wide Receiver,Atlanta Falcons
David Montgomery,Running Back,Chicago Bears
Lavonte David,Inside Linebacker,Tampa Bay Buccaneers
Jonathan Allen,Defensive Tackle,Washington Football Team
Gardner Minshew,Quarterback,Philadelphia Eagles
Tristan Wirfs,Offensive Tackle,Tampa Bay Buccaneers
Denzel Ward,Cornerback,Cleveland Browns
CeeDee Lamb,Wide Receiver,Dallas Cowboys
Brian Burns,Defensive End,Carolina Panthers
Josh Allen,Quarterback,Buffalo Bills
Derwin James,Safety,Los Angeles Chargers
Terron Armstead,Offensive Tackle,New Orleans Saints
Justin Jefferson,Wide Receiver,Minnesota Vikings
Jerry Jeudy,Wide Receiver,Denver Broncos
Roquan Smith,Inside Linebacker,Chicago Bears
N'Keal Harry,Wide Receiver,New England Patriots
Joe Mixon,Running Back,Cincinnati Bengals
Josh Jacobs,Running Back,Las Vegas Raiders
Brian O'Neill,Offensive Tackle,Minnesota Vikings
Matthew Stafford,Quarterback,Los Angeles Rams
A.J. Terrell,Cornerback,Atlanta Falcons
Jaire Alexander,Cornerback,Green Bay Packers
Harold Landry,Outside Linebacker,Tennessee Titans
Za'Darius Smith,Outside Linebacker,Green Bay Packers
Dalton Schultz,Tight End,Dallas Cowboys
Frank Ragnow,Center,Detroit Lions
Javon Hargrave,Defensive Tackle,Philadelphia Eagles
Daniel Jones,Quarterback,New York Giants
Marcus Williams,Safety,New Orleans Saints
Clyde Edwards-Helaire,Running Back,Kansas City Chiefs
Courtland Sutton,Wide Receiver,Denver Broncos
Mike Williams,Wide Receiver,Los Angeles Chargers
Javonte Williams,Running Back,Denver Broncos
Fred Warner,Inside Linebacker,San Francisco 49ers
D.K. Metcalf,Guard,Baltimore Ravens
Julian Blackmon,Safety,Indianapolis Colts
J.K. Dobbins,Running Back,Baltimore Ravens
Andy Dalton,Quarterback,Chicago Bears
J.C. Jackson,Cornerback,New England Patriots
Tee Higgins,Wide Receiver,Cincinnati Bengals
Jerry Tillery,Defensive Tackle,Los Angeles Chargers
Joe Burrow,Quarterback,Cincinnati Bengals
